"","sppocean","npres","fakepres","npres.tr","npres.te","ntot","thresh.kappa","thresh","thresh.trKap","thresh.tr","auc","auc.tt","tss","tss.tt","tssmax","tssmax.tt","acc","acc.tt","accmax","accmax.tt","sens","sens.tt","spec","spec.tt","kappa","kappa.tt","kappamax","kappamax.tt","rpb","prev.obs","prev.pred.prev","prev.pred.kap","smear","pred_obsMedian","pred_obsMean","r2.biomass","r2.biomass.tt","r2.all","r2.all.tt","r2.pres.surv_year","r2.pres.surv_year.kap","r2.abun.surv_year","r2.predPATT.surv_year","r2.predPATTkap.surv_year","r2.predTT.surv_year","dev.pres","dev.biomass","dev.pres.null","dev.biomass.null"
"1","centropristis striata_Atl",5282,1570,3940,1342,97535,0.19542072,0.05402661,0.18485699,0.05033182,0.907746582908558,0.88618573568841,0.182780192261753,0.221764735763923,0.428233810066051,0.557350523936717,0.785799969241811,0.80915521837195,0.945845081252884,0.931720319868772,0.904013631200303,0.810730253353204,0.779031576208904,0.809038863811516,0.246236716899853,0.293820013911189,0.340767542324689,0.352901791637663,0.423315924026084,0.0742929634971471,0.308058726541152,0.10991261179233,553654.35097499,5.68980390473702e-08,-0.0502131620978849,0.0209923342316284,0.0213781543559286,0.000272462735228466,0.00708008318008697,0.66,0.66,0.1,0.6,0.43,0.19,0.327015624475644,0.816176015117827,0.199030281162541,0.545348658161209
